<?xml version="1.0" encoding="UTF-8"?>
            
<UnitDescription>

<General>
  <UnitName>to RGB Color</UnitName> 
  <HelpString>Converts the image to an RGB Color image</HelpString>  
  <PathToIcon></PathToIcon> 
  <ImageJSyntax>run("RGB Color");</ImageJSyntax> 
  <Color>0x6e91de</Color>
</General>

<Inputs> 
	<Input>
		<Name>Input</Name>
		<ShortName>I</ShortName>	
		<ImageType>31</ImageType>
		<NeedToCopyInput>true</NeedToCopyInput>
	</Input>	
</Inputs>

<Outputs> 
	<Output>
		<Name>Output</Name>
		<ShortName>O</ShortName>	
		<ImageType>16</ImageType>
		<DoDisplay>false</DoDisplay>
	</Output>
</Outputs>

</UnitDescription>