<?xml version="1.0" encoding="UTF-8"?>
<!-- UnitFile.xml -->
            
<UnitDescription>

<General>
  <UnitName>Add</UnitName> 
  <HelpString>Adds two images</HelpString>  
  <PathToIcon></PathToIcon> 
  <ImageJSyntax>run("Image Calculator...", "image1=TITLE_1 operation=Add image2=TITLE_2 create 32-bit");</ImageJSyntax> 
  <Color>0x6e91de</Color>
</General>

<Inputs> 
	<Input>
		<Name>Input1</Name>
		<ShortName>I1</ShortName>	
		<ImageType>31</ImageType>
		<NeedToCopyInput>false</NeedToCopyInput>
	</Input>
	<Input>
		<Name>Input2</Name>
		<ShortName>I2</ShortName>	
		<ImageType>31</ImageType>
		<NeedToCopyInput>false</NeedToCopyInput>
	</Input>	
</Inputs>

<Outputs> 
	<Output>
		<Name>Output</Name>
		<ShortName>O</ShortName>	
		<ImageType>-1</ImageType>
		<DoDisplay>false</DoDisplay>
	</Output>
</Outputs>

</UnitDescription>