<?xml version="1.0" encoding="UTF-8"?>
            
<UnitDescription>

<General>
  <UnitName>Crop</UnitName> 
  <PathToIcon></PathToIcon> 
  <ImageJSyntax>run("Crop");</ImageJSyntax> 
  <Color>0x6e91de</Color>
  <HelpString>Crops an image, requires a selection.</HelpString>
</General>

<Inputs> 
	<Input>
		<Name>Input</Name>
		<ShortName>I</ShortName>	
		<ImageType>1055</ImageType>
		<NeedToCopyInput>true</NeedToCopyInput>
	</Input>
</Inputs>

<Outputs> 
	<Output>
		<Name>Output</Name>
		<ShortName>O</ShortName>	
		<ImageType>-1</ImageType>
		<DoDisplay>false</DoDisplay>
	</Output>
</Outputs>

</UnitDescription>